{
  "id": 1,
  "latitud": -35.5450392,
  "longitud": -71.4840368,
  "timestamp": "2024-06-17T17:10:31.193Z"
}